,budget,revenue
0,0,0
5,0,0
6,0,0
9,155000000,0
10,0,2987741
12,0,29404235
13,0,0
19,0,0
27,0,0
33,0,3292527
39,125000000,0
41,50000000,0
43,0,399180000
60,49000000,0
71,0,0
83,0,0
85,0,186965409
89,0,0
100,0,2707180
101,0,0
102,6300000,0
104,4176641,0
107,0,0
125,5000000,0
126,0,0
132,38000000,0
140,10000000,0
142,0,0
149,0,0
153,0,0
158,0,25155355
163,0,0
186,0,7910928
195,0,0
211,0,0
214,0,0
222,3000000,0
225,0,0
232,0,1964806
234,0,958883
242,65000000,0
245,3000000,0
251,0,0
254,99000000,0
257,0,0
260,0,0
262,0,12421716
272,0,0
275,0,16872691
279,0,0
283,0,0
284,0,0
296,27000000,0
302,0,0
303,10,4
304,20000000,0
310,0,50461371
311,0,5728940
312,0,7478354
313,0,0
319,0,0
321,0,1169603
329,0,0
338,0,0
348,6000000,0
350,0,0
354,3000000,0
355,0,32677774
368,0,0
370,0,0
391,0,835102
393,0,27526961
398,30000000,0
401,20000000,0
408,5000000,0
411,0,0
422,20000000,0
426,0,0
429,10000000,0
433,5000000,0
437,0,0
453,0,0
462,0,0
465,0,0
471,0,0
478,0,26251899
479,6500000,0
482,0,0
495,0,2520000
499,40000000,0
506,242000000,0
508,0,0
515,0,18112929
518,0,1803009
522,0,152761
523,0,0
526,0,0
528,1200000,0
529,0,0
532,0,52036
533,0,0
543,0,0
546,0,0
552,0,0
558,0,0
559,0,4439431
561,0,233755553
565,5000000,0
567,0,0
569,0,0
572,0,0
578,6000000,5206
587,10000000,0
592,0,0
610,0,0
619,0,34949567
620,0,1012932
622,0,0
626,0,855888
627,25000000,0
631,0,7000000
638,0,0
649,0,0
653,0,27365467
658,0,0
661,3000000,0
664,0,0
667,0,0
670,0,0
672,0,16441438
678,0,15489307
679,0,0
680,0,1584759
683,0,0
690,7000000,0
691,165000000,0
693,0,0
695,0,0
696,0,0
697,0,0
702,0,0
709,0,0
712,0,2587072
727,0,0
731,0,0
738,0,0
739,20000000,0
742,0,0
751,1344000,0
752,0,0
754,0,5245263
755,0,0
756,0,2830775
760,0,0
770,0,0
772,0,9196740
779,0,0
786,0,7258534
787,0,0
788,0,0
791,0,0
797,0,0
798,15100000,0
801,0,0
809,0,3302463
813,1839169,0
815,0,14590514
824,25000000,1
827,0,0
829,0,0
835,0,0
836,0,0
845,0,0
852,0,0
860,0,0
863,0,0
867,0,0
869,150000000,0
873,20000000,0
876,0,0
878,0,25724305
879,0,0
883,0,0
884,0,0
886,0,0
893,0,0
895,0,0
896,0,0
903,0,0
905,0,13601384
908,0,8413144
909,0,1323415
920,0,0
921,0,0
925,0,0
930,0,0
932,0,0
934,0,15793051
941,0,7997460
944,0,0
951,0,0
953,0,0
962,12000000,0
963,0,0
967,28210303,7793
969,0,1133031
971,0,0
980,0,581011
987,82000000,0
997,0,0
999,25000000,0
1003,21000000,0
1007,0,9200168
1010,0,0
1011,0,0
1014,0,0
1022,18000000,0
1023,10000000,0
1025,2000000,0
1027,0,0
1028,0,0
1029,0,3916195
1030,0,0
1033,10000000,0
1035,0,0
1038,0,0
1040,0,14347000
1047,0,0
1050,0,0
1054,0,248516
1056,9000000,0
1058,0,0
1059,25000000,6399
1060,0,0
1062,0,0
1064,0,24931915
1065,0,1473809
1067,0,2375190
1069,21000000,0
1070,10000000,0
1082,0,0
1085,0,0
1087,0,10891281
1093,0,1075178
1096,0,1641235
1099,0,3065860
1104,0,0
1106,0,0
1109,0,0
1115,0,2291901
1117,0,0
1118,5000000,7556
1119,4000000,0
1120,0,7299662
1122,0,3029287
1125,0,0
1126,0,0
1130,0,12104595
1131,0,0
1132,1950000,0
1133,11000000,0
1138,0,0
1141,0,100345
1143,0,0
1144,0,0
1146,3600000,0
1150,0,2193474
1157,0,0
1161,0,0
1164,0,2732673
1167,0,0
1169,0,0
1170,20000000,0
1174,0,0
1175,0,3551439
1181,0,6842058
1182,0,0
1183,0,336472
1186,0,0
1187,0,0
1189,0,60330833
1193,0,14332467
1196,125687,0
1198,0,0
1199,2000000,0
1201,10000000,0
1204,0,45895
1207,0,0
1214,0,0
1215,0,0
1216,0,3435047
1217,0,0
1227,8000000,0
1228,0,9923127
1230,0,0
1240,0,0
1246,0,0
1248,0,11472454
1250,18000000,0
1251,0,0
1255,0,13406883
1257,0,2066633
1260,0,0
1262,35000000,0
1266,0,0
1272,0,0
1273,0,0
1275,0,0
1280,30,108609310
1281,0,5217347
1285,0,0
1290,0,45631901
1294,0,0
1295,0,0
1297,2500000,8315
1299,0,0
1300,0,0
1301,2940457,0
1302,0,0
1307,0,0
1311,0,0
1312,16000000,0
1315,0,1040000
1316,40000000,0
1319,0,13603453
1320,0,30668
1322,0,0
1324,0,0
1326,0,0
1328,0,0
1329,0,0
1330,0,0
1332,0,0
1336,0,0
1338,0,0
1340,0,45710059
1342,20000000,0
1348,0,0
1349,0,0
1353,0,0
1357,0,0
1360,7000000,0
1361,0,0
1362,0,0
1363,0,0
1364,2500000,0
1365,7200000,0
1366,0,0
1367,0,10230620
1371,0,0
1372,7000000,0
1374,10000000,0
1375,0,39881
1379,0,0
1381,0,65421267
1385,0,0
1386,0,40272135
1389,0,24084
1392,5000000,0
1393,0,0
1395,0,5750401
1397,0,0
1399,1500000,0
1403,0,17671101
1405,0,0
1408,0,22836
1409,40000000,0
1412,0,0
1419,0,0
1422,0,0
1426,0,0
1428,0,889816
1431,0,0
1434,0,0
1435,0,19633027
1439,0,73100172
1442,9000000,0
1446,0,0
1447,0,0
1448,2240000,0
1451,0,0
1453,0,1406224
1454,150000,0
1455,0,1947099
1457,0,0
1458,0,316472
1463,0,0
1464,0,26441892
1465,0,0
1466,350000,0
1467,175000000,0
1468,0,0
1469,0,0
1470,0,841334
1472,0,0
1474,40000000,0
1478,15000000,0
1481,0,0
1482,0,121461
1487,0,1502347
1488,3000000,0
1489,0,0
1490,0,0
1492,21800000,0
1493,0,0
1494,0,0
1495,0,7928149
1496,0,0
1498,0,92100
1499,0,1880736
1501,0,3214116
1502,0,0
1505,0,0
1507,0,0
1508,0,0
1509,0,0
1514,10000000,0
1515,0,2492001
1519,0,6075
1523,0,0
1524,75000000,0
1525,0,0
1526,0,0
1527,0,3346265
1530,3000000,0
1533,20000000,0
1534,0,1162635
1535,0,16775
1536,0,708973
1538,0,2602652
1543,0,3814868
1548,0,0
1551,10000000,0
1552,0,0
1554,0,0
1555,0,0
1556,0,0
1557,10000000,0
1560,0,0
1564,0,0
1567,0,15636462
1569,0,829900
1572,0,3538446
1575,0,857522
1576,0,0
1578,0,103536
1582,8500000,9747
1583,0,0
1585,20000000,0
1586,0,0
1587,0,0
1588,0,9496130
1589,0,0
1590,0,0
1596,12000000,0
1602,0,0
1605,8000000,0
1607,2500000,0
1612,0,81071
1614,0,128269
1615,8800000,0
1623,30000000,0
1625,0,0
1628,0,0
1629,0,427418
1630,0,0
1633,0,0
1635,0,0
1636,0,0
1637,0,0
1638,0,0
1641,0,566006
1646,0,37151
1647,0,0
1653,0,0
1657,0,0
1658,0,0
1659,0,0
1661,0,1787926
1662,0,0
1663,0,0
1665,22000000,0
1669,0,2045184
1672,0,0
1673,0,252
1677,0,0
1679,0,4505
1685,0,0
1691,0,30229977
1692,0,2049844
1693,2000000,0
1694,0,0
1696,0,3396726
1697,0,2063312
1698,25000000,0
1702,8000000,7856
1703,4000000,0
1704,0,0
1705,0,7439448
1708,500000,0
1711,0,1986615
1712,0,0
1716,0,0
1717,0,0
1718,0,0
1719,0,0
1723,0,0
1725,0,3317662
1728,0,461162
1736,0,34710627
1737,0,0
1741,0,0
1743,0,0
1744,0,0
1745,0,0
1748,0,10800715
1749,0,19978189
1751,0,0
1752,0,16661077
1754,0,0
1756,0,0
1758,0,0
1759,0,0
1760,35000000,0
1761,0,6303792
1768,0,0
1774,0,0
1776,0,0
1777,0,0
1779,0,0
1783,0,0
1787,0,2633527
1788,0,0
1790,7000000,0
1791,0,0
1793,0,0
1794,0,0
1795,0,0
1796,0,0
1797,6000000,0
1798,15000000,0
1799,0,0
1801,0,0
1802,4000000,0
1805,5000000,0
1809,0,0
1811,0,0
1812,0,919591
1819,0,71594792
1820,0,0
1821,7000000,0
1824,0,9930095
1827,0,0
1829,0,0
1830,0,0
1831,0,0
1833,0,6423605
1834,0,9504139
1836,4500000,0
1837,0,0
1838,15000000,0
1841,0,0
1842,0,0
1845,12000000,0
1850,0,0
1852,0,0
1854,0,0
1856,4500000,0
1857,0,29128433
1858,0,0
1860,0,2681345
1861,8000000,0
1862,0,0
1863,15000000,5812
1864,0,0
1866,1500000,0
1870,11000000,0
1871,0,2093725
1872,0,0
1873,0,0
1874,0,7176347
1875,0,0
1879,0,0
1880,0,8212430
1882,500000,0
1883,0,1296937
1887,0,3003169
1890,0,7523634
1891,0,3242235
1895,4000000,0
1896,0,0
1899,0,0
1900,0,0
1903,0,4077333
1904,0,2756
1905,0,68929150
1906,0,28641776
1908,0,6748712
1910,1030064,0
1911,0,0
1912,0,0
1914,0,12186625
1915,0,0
1916,0,5681622
1921,0,0
1923,0,25434291
1927,0,0
1929,0,0
1931,10000000,0
1933,13000000,0
1934,4400000,0
1937,0,306724
1938,0,0
1944,0,0
1947,0,0
1948,10000000,0
1950,0,0
1951,0,0
1952,0,0
1954,16000000,0
1955,0,5750
1956,0,0
1957,0,0
1958,10000000,0
1959,0,0
1962,0,0
1963,0,0
1965,0,6153967
1966,0,0
1971,1750000,0
1972,0,64065
1973,0,0
1974,0,0
1977,5200000,0
1979,10000000,0
1980,4000000,9221
1981,18000000,0
1988,0,0
1989,0,0
1990,0,4250507
1991,0,25288872
1992,0,0
1995,0,8096007
1998,0,0
1999,0,0
2003,0,32300000
2004,0,0
2008,0,0
2012,10000000,0
2013,0,0
2014,6000000,0
2016,0,0
2020,0,0
2023,0,0
2025,0,0
2026,0,34153101
2028,0,0
2029,8000000,0
2031,0,519535
2034,0,0
2036,0,0
2037,0,0
2038,0,0
2039,70200000,0
2040,0,76586316
2042,0,0
2043,8000000,0
2044,0,0
2045,0,0
2046,0,3000000
2047,0,0
2048,0,742476
2051,0,0
2053,0,0
2054,0,111996
2055,0,11277120
2057,0,0
2063,0,0
2065,0,6861102
2066,10000000,0
2067,0,0
2068,0,0
2069,0,0
2071,3000000,0
2073,0,0
2074,0,643557
2075,0,1783421
2077,0,0
2078,0,18074539
2081,7000000,0
2083,0,1330828
2084,0,0
2085,10000000,0
2086,7500000,0
2090,0,0
2092,0,0
2094,0,0
2096,15000000,0
2097,0,0
2098,0,0
2099,0,0
2102,0,0
2103,0,0
2104,0,422697
2105,0,21520719
2106,0,5081495
2107,0,0
2108,0,1770376
2109,0,0
2111,0,2
2113,0,0
2114,0,0
2116,0,0
2117,0,0
2118,0,4453524
2120,0,0
2121,0,0
2123,0,0
2126,0,2403409
2128,0,4094339
2130,0,14870
2131,0,18612
2132,0,0
2133,0,0
2134,0,33821
2136,0,11868221
2137,17000000,0
2139,8000000,0
2140,0,0
2142,1500000,0
2147,0,0
2150,0,0
2152,0,0
2154,0,0
2155,0,1041955
2156,5500000,0
2157,17000000,0
2159,0,5284309
2165,16600000,0
2167,0,18642
2170,0,55429
2171,1000000,9318
2172,13000000,0
2174,0,0
2178,5500000,0
2181,46000000,0
2183,20000000,0
2185,0,0
2186,0,0
2187,0,0
2191,0,1171559
2194,0,44095996
2195,0,0
2197,0,134552
2198,0,0
2199,500000,0
2200,25000000,0
2201,0,77542
2202,27000000,0
2203,0,1822250
2205,0,0
2207,0,1124445
2208,0,0
2209,0,0
2210,0,0
2211,0,0
2212,0,0
2214,0,87465
2215,2000000,0
2217,7000000,0
2220,0,523511
2221,350000,0
2222,0,0
2226,0,0
2227,0,0
2228,0,0
2229,0,0
2230,0,2550508
2231,0,0
2232,0,0
2233,0,0
2234,0,0
2236,0,0
2238,0,0
2239,0,0
2240,0,10900434
2241,0,0
2242,0,19406406
2243,0,0
2244,0,1188194
2245,0,0
2247,0,0
2250,8500000,0
2251,0,0
2256,0,0
2258,0,286201
2259,0,0
2261,0,13842409
2263,0,0
2266,0,4988176
2270,0,19684
2271,0,70918
2272,1000000,0
2273,0,104810
2276,0,0
2277,1400000,0
2279,9370000,0
2281,0,0
2282,0,0
2284,5000000,0
2287,0,0
2288,0,7362
2289,0,0
2290,11000000,0
2291,0,11879046
2292,0,0
2293,0,0
2295,0,0
2297,0,0
2299,0,176391
2302,15000000,0
2304,0,81170000
2307,0,0
2309,0,0
2310,0,0
2311,0,1725841
2312,10,0
2314,0,9195
2315,0,22003
2318,950000,0
2319,0,0
2321,4000000,0
2322,0,0
2324,0,0
2326,500000,0
2328,0,0
2329,0,0
2330,0,3447633
2331,0,0
2332,4172781,0
2333,0,0
2334,0,5405500
2335,0,0
2336,0,0
2337,5000000,0
2338,0,0
2339,2000000,0
2340,0,0
2341,600000,0
2342,0,0
2344,1000000,0
2346,0,0
2348,0,0
2351,6000000,0
2352,0,0
2355,2300000,0
2356,0,0
2357,0,0
2359,0,0
2360,0,0
2361,2700000,0
2363,0,0
2364,0,11910695
2366,0,0
2370,0,0
2371,4000000,0
2372,0,0
2373,0,4973
2374,0,0
2375,0,0
2379,0,0
2380,0,0
2381,0,0
2382,0,265318
2383,9000000,0
2384,0,4507463
2386,12000000,0
2387,0,37473
2391,15000000,0
2394,0,944370
2398,0,0
2399,0,327345
2400,0,0
2401,0,0
2402,0,0
2403,0,0
2404,0,123821
2405,0,22835787
2407,0,513447
2408,0,0
2409,0,0
2411,0,0
2412,0,0
2413,0,200406
2415,0,0
2416,0,0
2418,0,0
2419,0,8382
2420,0,0
2421,0,0
2422,0,0
2423,0,0
2426,0,0
2427,0,0
2429,0,0
2430,0,0
2431,5000000,0
2433,0,0
2435,0,0
2436,0,0
2438,5000000,0
2439,3000000,3010
2442,0,0
2443,0,0
2446,15000000,1061
2447,9000000,0
2448,0,0
2449,0,0
2450,12000000,0
2451,0,0
2453,0,0
2455,0,416792
2456,3000000,0
2460,0,0
2463,0,0
2464,0,0
2466,0,13348704
2467,0,3822
2468,0,0
2469,0,0
2471,0,312381
2473,0,89182
2475,0,0
2476,0,0
2480,0,135026
2483,0,0
2485,0,0
2486,0,0
2488,0,653951
2489,0,0
2491,0,0
2492,0,0
2494,10000000,0
2495,1700000,0
2496,250000,0
2497,0,0
2499,8000000,0
2500,0,0
2504,0,0
2505,8000000,0
2506,0,0
2507,5300000,0
2508,0,0
2509,0,0
2510,0,0
2511,0,2500431
2512,0,0
2513,0,0
2514,0,1328467
2515,0,228136
2516,0,0
2517,0,0
2519,0,157768
2520,80000,0
2521,5300000,0
2523,0,0
2525,0,0
2527,0,0
2528,0,0
2529,0,0
2531,250000,0
2532,0,0
2534,0,0
2535,0,16337881
2537,0,0
2538,0,0
2539,10000000,0
2540,0,7545758
2543,17000000,0
2544,0,0
2545,0,0
2547,0,18962444
2548,70000,0
2551,0,0
2552,2000000,0
2553,0,3593460
2554,0,0
2555,6000000,0
2556,0,0
2557,0,0
2558,0,0
2559,0,0
2560,0,226286
2561,0,0
2562,0,0
2563,0,0
2564,20000000,0
2566,0,0
2567,0,130541
2568,0,0
2569,7000000,0
2570,0,1600000
2572,0,0
2573,0,0
2574,2017928,0
2577,0,0
2578,0,0
2580,0,0
2582,0,12522
2583,0,0
2584,0,0
2585,0,89661
2586,0,0
2587,0,0
2588,0,0
2589,0,0
2593,0,0
2594,0,4790751
2595,0,0
2596,6000000,0
2597,0,0
2600,12000000,0
2602,0,0
2603,0,280668
2604,0,258656
2605,0,1234254
2607,0,0
2608,0,0
2609,0,0
2610,0,0
2611,0,128015
2612,0,18100189
2613,0,0
2614,0,0
2615,0,0
2616,12000000,2521
2617,0,0
2618,0,340911
2620,0,0
2621,5000000,0
2622,1,1378
2623,0,0
2624,0,0
2625,0,0
2626,0,0
2627,0,0
2628,0,4069826
2629,20000000,0
2630,0,3267486
2631,0,0
2634,460000,0
2635,0,0
2637,0,0
2639,0,14567
2640,0,0
2643,0,0
2644,0,0
2645,0,1000000
2646,0,0
2647,50000,0
2649,0,0
2650,0,0
2651,0,0
2652,0,0
2653,0,0
2654,0,0
2655,10000000,0
2656,0,0
2657,0,343341
2658,0,0
2659,0,0
2660,0,0
2661,0,1697294
2663,4000000,0
2665,0,0
2666,0,0
2667,0,0
2668,0,0
2669,0,0
2670,0,9696204
2671,0,7449681
2672,0,252603
2673,0,0
2674,10000000,0
2675,5000000,0
2676,0,0
2677,0,0
2678,0,0
2680,15000000,0
2681,0,0
2683,0,0
2685,0,6467348
2689,20000000,0
2690,0,0
2691,0,175705
2692,0,0
2693,0,0
2694,0,0
2695,8000000,0
2696,0,0
2697,0,0
2698,3000000,0
2700,0,3346257
2701,0,16971
2702,0,0
2703,0,56574
2704,0,0
2705,10000000,0
2706,0,18000
2707,7500000,0
2708,0,0
2709,0,58221
2710,0,0
2711,0,0
2713,3400000,0
2714,0,0
2715,0,0
2716,0,0
2718,0,19613
2719,4400000,0
2720,0,0
2721,0,0
2722,0,0
2724,0,0
2725,0,0
2727,1000000,0
2728,1500000,1938
2729,0,0
2730,0,4417667
2731,0,33125
2734,0,0
2736,0,0
2738,18200000,0
2739,0,0
2740,1000000,0
2742,1500000,0
2743,0,0
2745,0,0
2746,0,0
2747,0,2400000
2748,0,0
2749,0,0
2750,93,2500000
2751,0,0
2752,0,7704357
2753,3000000,0
2755,0,0
2756,0,0
2757,0,206909
2758,0,0
2759,0,0
2761,0,0
2763,8500000,0
2764,0,0
2765,0,0
2767,5000000,0
2768,0,0
2769,0,0
2770,0,0
2772,500000,0
2773,0,0
2774,5000000,0
2776,0,2566717
2777,0,68945
2778,1000000,0
2779,0,0
2780,0,0
2781,950000,0
2782,0,0
2783,0,0
2785,0,664747
2786,0,0
2787,500000,0
2788,0,0
2790,0,0
2791,0,0
2792,0,0
2793,0,0
2794,0,494506
2796,0,3460466
2797,0,177182
2798,0,0
2799,0,0
2800,0,0
2801,0,0
2802,0,19305
2803,0,0
2804,0,0
2805,0,0
2806,5000000,0
2807,0,0
2809,0,0
2810,0,302459
2812,0,0
2813,0,0
2814,0,0
2815,0,0
2818,0,1279
2820,0,0
2821,0,0
2822,2500000,0
2823,7500000,0
2824,0,0
2825,0,8020
2826,0,0
2827,0,0
2828,0,0
2829,500000,0
2830,0,0
2831,3600000,0
2833,0,0
2835,0,7732325
2836,0,0
2837,0,0
2838,0,0
2839,0,0
2840,0,0
2841,0,0
2842,4000000,0
2843,0,0
2844,0,0
2845,0,0
2846,7700000,0
2847,0,0
2848,0,1469
2849,0,0
2850,0,3924527
2851,0,0
2852,0,3123963
2853,0,0
2854,0,0
2855,0,0
2856,0,0
2857,0,0
2858,0,0
2859,0,0
2860,0,0
2864,0,0
2866,3000000,0
2867,0,0
2868,0,0
2869,0,0
2872,0,0
2873,0,0
2874,0,13769
2875,0,0
2876,0,0
2877,0,0
2878,0,0
2880,0,0
2881,0,32163
2882,0,6303709
2883,0,0
2884,0,0
2885,13000000,0
2886,0,0
2887,0,0
2888,1300000,0
2889,0,0
2890,0,46115383
2892,0,0
2893,0,0
2894,0,5261595
2895,0,0
2898,0,0
2899,0,1009620
2901,0,0
2902,0,9995
2903,0,0
2904,0,81381
2905,0,0
2906,0,397783
2907,0,0
2908,5000000,0
2909,0,0
2910,0,0
2911,2000000,0
2913,0,0
2914,0,0
2915,0,0
2917,0,538000
2918,0,0
2919,0,0
2921,0,0
2923,0,0
2924,0,0
2925,0,0
2926,0,0
2927,6000000,0
2928,190000,0
2929,0,0
2930,0,0
2931,0,0
2933,0,0
2934,650000,0
2935,0,0
2936,0,5310554
2937,1500000,0
2938,0,0
2939,0,525
2941,0,957240
2942,0,126150
2943,0,0
2944,0,0
2946,0,0
2947,0,46460
2948,0,0
2949,0,0
2950,0,0
2951,20000000,0
2952,0,0
2953,0,0
2954,0,144822
2955,0,0
2956,25000000,0
2957,0,0
2958,0,68904
2959,0,8887603
2960,0,0
2962,0,0
2963,0,0
2964,0,0
2965,2000000,0
2966,0,3820195
2967,0,0
2968,2000000,0
2969,0,0
2972,0,0
2973,0,0
2974,0,0
2975,0,41767
2976,0,0
2977,0,0
2978,0,0
2979,0,0
2980,0,0
2981,0,0
2982,0,0
2983,0,0
2985,0,23020
2986,0,2262223
2988,0,0
2989,0,0
2991,0,0
2992,0,0
2993,0,0
2994,0,0
2995,0,1289998
2996,5000000,0
2997,0,10232
2998,0,0
2999,0,59000
3000,0,0
3002,0,0
3003,0,0
3004,0,0
3005,0,0
3007,0,0
3008,1000000,0
3009,7000000,0
3010,0,0
3012,0,0
3013,0,0
3014,0,0
3015,0,0
3016,0,0
3017,0,0
3018,0,0
3019,25000000,0
3020,350000,0
3022,0,169976
3023,0,0
3024,0,0
3025,0,120680
3026,0,0
3027,0,45250
3028,20000000,0
3029,3000000,0
3030,0,0
3032,0,108808
3033,0,0
3034,0,0
3035,0,309776
3036,0,0
3037,0,12189
3038,2000000,0
3039,0,0
3040,3000000,0
3041,0,0
3042,8400000,0
3043,0,0
3044,0,641
3046,0,63931
3047,0,0
3048,0,4631
3049,0,0
3050,0,0
3052,0,0
3053,0,0
3054,8000000,0
3055,7525000,0
3057,0,0
3059,0,11083449
3060,0,0
3061,0,0
3062,0,0
3063,0,0
3064,10000000,0
3066,0,1437000
3067,0,0
3068,0,0
3069,0,166775
3070,1000000,0
3071,0,0
3072,0,0
3073,0,0
3074,0,0
3075,0,0
3076,0,0
3077,0,0
3078,0,0
3079,0,0
3080,0,0
3081,0,3371692
3082,0,0
3083,10000000,0
3084,0,0
3085,0,602042
3086,0,0
3087,0,0
3088,0,0
3089,686599,0
3090,0,0
3091,83000000,0
3093,2500000,0
3094,0,714544
3095,0,0
3096,2000000,0
3098,0,0
3099,0,0
3100,0,0
3101,0,1126525
3102,0,32230907
3103,0,0
3105,0,0
3106,0,0
3107,0,0
3108,0,0
3109,0,0
3110,0,0
3111,0,0
3112,0,0
3113,300000,0
3114,0,365522
3115,0,0
3116,0,0
3117,0,0
3118,0,0
3119,0,3838
3120,0,0
3121,0,621951
3122,0,0
3123,100000,0
3124,0,0
3125,0,0
3128,0,15
3129,0,0
3130,0,0
3131,0,0
3133,0,0
3134,0,0
3135,0,0
3136,0,0
3137,0,0
3138,0,0
3140,0,0
3141,0,0
3142,0,0
3143,0,0
3144,9250000,0
3145,0,0
3146,0,0
3147,0,0
3148,1100000,0
3149,0,0
3150,0,0
3151,0,0
3152,0,0
3153,10000000,0
3155,0,0
3156,0,0
3157,0,0
3158,0,0
3159,0,0
3161,0,0
3162,750000,0
3163,0,0
3164,1000000,0
3165,0,0
3166,2000000,0
3167,0,0
3168,0,0
3169,0,31309
3170,6976542,0
3171,0,0
3172,0,0
3173,0,0
3174,6100000,0
3175,0,0
3176,10000,0
3177,1000000,0
3178,0,0
3180,0,4924990
3181,0,0
3182,0,1236094
3183,0,0
3184,0,987883
3185,0,228
3186,0,0
3187,0,0
3188,0,48398
3189,0,0
3190,0,0
3192,600000,0
3193,3000000,0
3195,0,0
3196,22000000,0
3197,0,0
3198,0,0
3199,0,0
3200,0,0
3201,6000000,0
3202,1000000,0
3203,2500000,0
3204,0,0
3205,0,0
3206,0,0
3207,0,0
3208,0,0
3210,0,0
3211,0,0
3212,0,0
3213,0,0
3214,0,0
3215,0,0
3216,0,14752
3217,0,271755
3218,0,481707
3219,0,3094813
3220,0,0
3221,6800000,0
3222,300000,0
3223,0,0
3224,1000000,0
3225,0,4132000
3226,0,0
3227,0,0
3228,0,288312
3229,0,0
3230,0,0
3231,1000000,0
3232,650000,0
3233,0,0
3234,1100000,0
3235,0,0
3236,5000000,0
3238,0,0
3239,0,1005700
3240,0,0
3241,0,0
3242,500000,0
3243,0,0
3244,0,0
3245,0,0
3246,0,0
3248,0,192400
3249,0,0
3250,0,0
3251,0,0
3252,0,0
3253,0,0
3254,0,0
3255,0,0
3256,1500000,0
3257,0,0
3258,0,0
3259,13000000,0
3260,0,98774891
3261,4000000,0
3262,0,0
3263,0,0
3264,0,0
3265,0,0
3266,0,0
3267,0,0
3268,38000,0
3269,0,3100000
3270,4000000,0
3271,0,0
3272,1600000,0
3273,0,0
3274,12000000,0
3275,0,0
3276,0,0
3277,0,0
3278,0,0
3279,0,0
3280,0,0
3281,100000,0
3282,0,0
3283,10000000,0
3284,0,0
3285,0,0
3286,85000,0
3287,0,0
3288,0,0
3289,1500,0
3290,0,0
3291,0,0
3292,0,0
3293,0,0
3294,0,0
3295,0,0
3297,0,0
3298,0,0
3299,0,0
3300,1000000,0
3301,0,0
3302,0,0
3303,0,0
3304,0,0
3305,0,0
3306,0,96868
3307,0,0
3308,0,0
3309,0,0
3310,50000,0
3311,0,0
3312,7347125,0
3313,0,0
3314,0,0
3315,2000000,0
3317,0,0
3318,0,0
3319,1000000,0
3321,450000,0
3322,1400000,0
3323,0,0
3324,0,13191
3325,0,0
3326,0,0
3327,4200000,0
3328,0,0
3329,0,0
3330,6000000,0
3331,0,0
3332,0,0
3333,1000000,0
3334,0,0
3335,0,0
3336,0,133771
3337,0,0
3338,0,0
3339,0,0
3340,0,0
3341,3600000,0
3342,3000000,0
3343,0,0
3344,0,104507
3346,0,0
3347,0,0
3348,0,22270
3349,0,0
3350,0,0
3351,0,0
3353,0,0
3355,1150000,0
3356,0,0
3357,0,0
3358,0,0
3359,11000000,0
3360,0,0
3362,0,0
3363,0,386749
3364,6000000,0
3365,0,0
3366,0,489884
3367,5000000,0
3368,0,0
3369,0,0
3370,0,0
3371,0,0
3372,0,0
3373,0,1055287
3374,9500000,0
3375,0,0
3376,0,0
3377,0,0
3378,0,0
3379,0,0
3380,0,0
3381,0,0
3382,100,0
3383,0,0
3384,5000000,0
3385,0,0
3386,0,0
3387,0,0
3388,0,0
3389,1850000,0
3390,0,0
3391,0,0
3392,0,0
3393,0,0
3394,0,0
3395,0,0
3396,0,0
3397,0,0
3398,0,0
3399,0,0
3400,6000000,0
3401,5000000,0
3402,0,223959
3403,0,876302
3404,0,0
3406,0,0
3407,2250000,0
3408,0,0
3409,0,0
3410,0,0
3411,0,0
3412,0,0
3413,0,0
3414,0,25147786
3415,0,2225098
3416,0,0
3417,0,0
3418,10000,0
3419,1500000,0
3420,0,135039
3421,0,0
3422,0,0
3423,0,0
3424,0,0
3425,5000000,0
3426,0,0
3427,0,0
3428,0,1702433
3429,2480421,0
3430,0,0
3431,0,0
3432,0,0
3433,0,0
3434,0,0
3435,0,0
3436,1000000,0
3438,0,0
3439,0,0
3440,0,8428636
3441,0,0
3442,0,0
3443,0,0
3444,0,0
3446,0,0
3447,0,0
3448,0,0
3449,0,0
3450,0,0
3451,0,19978961
3452,0,0
3453,0,0
3454,30000,0
3455,0,0
3456,0,0
3457,0,0
3458,0,0
3459,0,0
3460,0,0
3461,0,0
3462,0,0
3463,0,0
3464,0,0
3465,0,0
3466,0,0
3467,0,0
3468,0,0
3469,0,0
3470,0,0
3471,0,0
3472,0,0
3473,0,0
3474,0,0
3475,0,0
3476,0,0
3477,0,0
3478,0,0
3479,0,3280172
3480,0,0
3481,0,0
3482,0,0
3483,0,0
3484,0,0
3485,0,0
3486,0,0
3487,1000000,0
3488,0,0
3489,0,0
3490,0,25109572
3491,30000,0
3492,0,0
3494,0,0
3495,0,0
3496,0,0
3497,7971518,0
3498,0,0
3499,0,0
3500,0,0
3502,0,0
3503,1000000,0
3504,0,0
3505,0,0
3506,0,0
3507,0,0
3508,0,0
3509,0,0
3510,0,0
3511,0,0
3512,0,0
3513,0,0
3514,0,0
3515,0,0
3516,0,0
3517,0,17011
3518,6000000,0
3519,0,0
3520,0,0
3521,0,0
3522,0,0
3523,0,0
3525,0,0
3526,0,203373
3527,0,19532
3528,0,0
3529,7000000,0
3530,0,0
3531,30000,0
3532,0,0
3533,4000000,0
3534,0,1543385
3535,0,0
3536,0,0
3537,0,0
3538,0,0
3539,0,0
3540,0,0
3541,0,0
3543,0,0
3544,0,0
3545,0,149337
3547,0,0
3548,3000000,0
3549,0,923000
3550,0,0
3551,0,0
3552,0,1317376
3553,0,0
3554,0,0
3555,0,0
3556,0,0
3557,3000000,0
3558,0,0
3559,0,0
3560,0,0
3561,0,0
3562,1700000,0
3563,0,0
3564,0,383294
3565,26000000,0
3566,4466000,0
3567,0,0
3568,0,0
3569,0,0
3570,0,0
3571,0,0
3572,0,0
3573,0,0
3574,0,0
3575,0,3903479
3576,0,0
3577,0,0
3579,0,0
3580,500000,0
3581,0,0
3582,0,0
3583,0,0
3584,0,0
3585,0,0
3586,0,0
3587,7750000,0
3588,0,0
3589,0,24995
3590,900000,0
3591,0,0
3592,0,91260
3593,0,0
3594,0,0
3595,0,0
3596,2000000,0
3597,0,0
3599,0,0
3600,15000,0
3601,0,0
3602,0,0
3603,750000,0
3604,0,0
3605,0,0
3606,0,0
3607,0,0
3608,0,0
3609,0,0
3610,0,0
3611,0,0
3612,0,0
3613,0,2293798
3614,0,0
3615,200000,0
3616,2408070,0
3617,0,0
3618,0,0
3619,0,0
3621,175000,0
3622,0,0
3623,0,0
3624,12000000,0
3625,0,0
3626,1000000,0
3627,0,0
3628,0,0
3629,0,0
3630,0,0
3631,0,0
3632,0,0
3633,0,0
3634,1100000,0
3635,0,0
3636,0,0
3637,0,0
3638,0,0
3639,0,0
3641,0,0
3642,0,0
3643,0,0
3644,0,0
3645,0,0
3646,0,0
3647,0,0
3648,2000000,0
3649,600,0
3650,0,0
3651,0,0
3653,0,30655
3654,0,0
3655,0,0
3656,0,0
3658,0,0
3659,0,0
3660,0,4444
3661,0,0
3662,0,0
3663,0,0
3664,500000,0
3665,0,0
3666,0,0
3667,10000000,0
3669,0,0
3670,0,0
3671,0,0
3672,0,0
3673,0,0
3674,0,0
3676,0,0
3677,0,0
3678,0,0
3679,2000000,0
3680,0,0
3681,0,0
3682,0,0
3683,2000000,0
3684,0,0
3685,0,0
3686,0,0
3687,0,0
3688,0,0
3689,0,0
3690,0,0
3691,0,0
3692,0,0
3693,0,0
3694,0,0
3695,10000000,0
3696,0,0
3697,2000000,0
3698,0,0
3699,0,0
3700,0,0
3701,0,0
3702,60000,0
3703,200000,0
3704,0,0
3705,0,0
3706,0,64648
3707,0,0
3708,750000,0
3709,0,0
3710,90,0
3711,100000,0
3712,0,0
3713,0,0
3714,0,99000000
3715,0,0
3716,0,88335
3717,0,0
3718,0,0
3719,0,0
3720,5800000,0
3721,0,0
3722,0,0
3723,0,0
3724,0,0
3725,200000,0
3726,0,0
3727,0,0
3728,0,0
3729,0,0
3730,0,0
3731,0,0
3732,3250000,0
3733,0,0
3734,0,0
3735,0,0
3736,0,0
3737,0,0
3738,0,0
3739,0,0
3740,170000,0
3741,2219684,0
3742,0,0
3743,0,0
3744,0,0
3745,0,0
3746,0,10615000
3747,0,0
3748,0,0
3749,0,0
3750,0,0
3751,4000000,0
3752,0,0
3753,0,0
3754,0,0
3755,0,0
3756,70,0
3757,0,0
3758,11000000,0
3759,0,0
3760,0,0
3761,0,0
3762,0,0
3763,0,0
3764,0,4498
3765,4,0
3766,3000000,0
3767,0,0
3768,260000,0
3769,15,0
3770,0,0
3771,0,0
3772,0,0
3774,0,0
3775,8000,0
3776,0,0
3777,1000000,0
3778,450000,0
3779,0,55282
3780,0,0
3781,0,0
3782,0,0
3783,0,0
3784,0,0
3785,0,0
3786,0,0
3787,0,0
3788,0,0
3789,0,0
3790,800,0
3791,0,0
3792,0,0
3793,0,0
3795,0,0
3796,1800000,0
3797,0,0
3798,0,0
3799,0,0
3800,0,0
3801,0,0
3802,0,0
3803,0,0
3804,0,0
3805,0,0
3806,0,0
3807,0,0
3808,30000,0
3809,0,0
3810,0,0
3811,0,0
3812,0,0
3813,0,0
3814,0,0
3815,0,0
3816,1500000,0
3817,0,0
3818,0,0
3819,0,50000
3820,0,0
3821,0,0
3822,0,0
3823,0,0
3824,0,0
3825,0,0
3826,0,0
3827,0,0
3828,0,0
3829,0,0
3830,0,0
3831,0,0
3832,15732,0
3833,0,0
3834,0,0
3835,0,3286448
3836,0,0
3837,0,0
3838,0,0
3839,220000,0
3840,0,0
3841,0,0
3842,4000,0
3843,0,0
3844,0,147315
3845,0,0
3846,0,0
3847,1000000,0
3848,0,0
3849,0,0
3850,1,0
3851,0,0
3852,0,0
3853,0,14056
3854,0,0
3855,0,0
3856,0,0
3857,0,0
3858,0,0
3859,0,850994
3860,0,0
3861,5100000,0
3862,1400000,0
3863,0,0
3864,0,0
3865,0,0
3866,0,0
3867,100000,0
3868,0,0
3869,0,0
3870,2,0
3871,0,0
3872,0,0
3873,0,0
3874,0,0
3875,0,0
3876,0,0
3877,0,0
3878,0,0
3879,0,0
3880,0,11384015
3881,0,0
3882,100,0
3883,0,0
3884,0,0
3885,0,76916
3886,15000,0
3887,1000000,0
3888,0,0
3889,0,0
3890,0,0
3891,0,0
3892,0,0
3893,5000,0
3894,125000,0
3895,0,37000000
3896,0,0
3897,0,0
3898,700,0
3899,0,0
3900,0,0
3901,0,0
3902,0,0
3904,0,0
3905,0,0
3906,2500000,0
3907,0,0
3908,0,0
3909,0,0
3910,0,0
3911,0,6388
3912,0,0
3913,0,0
3914,0,0
3915,0,0
3916,0,0
3917,0,0
3918,119567,0
3919,0,0
3920,0,0
3921,0,0
3922,0,0
3923,0,0
3924,0,0
3925,0,0
3926,0,0
3927,0,0
3928,0,0
3929,0,0
3930,1000000,0
3931,0,0
3932,0,0
3933,0,0
3934,0,0
3935,0,0
3936,0,0
3937,0,0
3940,0,0
3941,3000000,0
3942,2450000,0
3943,0,0
3944,0,0
3945,156660,0
3946,0,0
3947,0,0
3948,0,0
3949,0,0
3950,0,0
3951,0,0
3953,0,0
3955,0,0
3956,0,0
3957,0,0
3958,2000000,0
3959,3000000,0
3960,0,324424
3961,0,0
3962,0,0
3963,0,0
3964,0,0
3965,0,0
3966,17000,0
3967,0,0
3968,0,0
3969,0,0
3970,1600000,0
3971,0,0
3972,0,0
3973,0,0
3974,0,0
3975,0,7205
3976,0,0
3977,0,0
3978,0,0
3979,313411,0
3981,0,0
3982,0,0
3983,0,0
3984,0,0
3985,0,0
3986,0,0
3987,0,0
3988,0,0
3989,0,0
3990,0,0
3992,1000000,0
3993,5000000,0
3994,0,1611000
3995,0,0
3996,0,0
3997,0,0
3998,0,0
3999,0,0
4000,0,0
4001,0,0
4002,0,0
4003,500,0
4004,0,0
4005,0,0
4006,0,0
4007,0,0
4008,0,0
4009,0,0
4010,0,0
4011,0,0
4013,3500000,0
4014,0,0
4015,0,0
4016,0,0
4017,0,0
4018,0,0
4019,0,0
4020,0,1347747
4021,0,0
4022,600000,0
4023,0,0
4024,0,0
4025,0,0
4026,375000,0
4027,0,0
4028,0,0
4029,0,0
4030,0,0
4031,0,0
4032,0,0
4033,0,0
4034,0,0
4035,1,0
4037,0,0
4038,0,0
4039,0,0
4040,0,0
4041,0,90425
4042,0,0
4043,0,0
4044,0,0
4045,0,0
4046,0,0
4047,0,0
4048,0,0
4049,0,0
4050,0,65460
4051,0,0
4052,0,0
4053,0,0
4054,0,0
4055,0,0
4056,0,0
4057,0,0
4058,0,0
4060,0,0
4061,0,0
4062,0,0
4063,0,0
4064,7000000,0
4065,0,0
4066,0,0
4067,250000,0
4069,0,0
4070,0,0
4071,0,114
4072,0,0
4073,0,0
4074,0,0
4075,0,0
4076,3000000,0
4077,600000,0
4078,0,0
4079,0,0
4080,0,0
4082,0,0
4083,0,0
4084,0,0
4085,0,0
4086,0,0
4087,0,0
4088,560000,0
4090,0,0
4091,8000000,0
4092,0,0
4093,0,0
4094,7000000,0
4095,0,0
4096,0,0
4097,0,0
4098,0,0
4099,0,0
4100,0,0
4101,0,0
4102,0,24000000
4103,5000000,0
4104,0,0
4105,0,0
4106,0,0
4107,20000,0
4108,1000000,0
4109,0,0
4110,0,0
4111,0,0
4112,0,0
4113,0,0
4114,0,0
4115,0,0
4116,0,0
4117,0,0
4118,0,0
4119,0,0
4120,0,0
4121,0,0
4122,5000000,0
4123,0,0
4124,5000000,0
4125,0,0
4126,0,0
4127,0,0
4128,0,0
4129,0,0
4130,0,0
4131,0,0
4132,0,0
4133,0,0
4134,450000,0
4136,0,0
4137,0,0
4138,0,0
4139,5000000,0
4140,0,0
4141,0,0
4142,10000000,0
4143,0,0
4144,0,0
4145,0,0
4146,3000000,0
4147,5000000,0
4148,0,0
4150,0,0
4151,0,0
4152,0,0
4153,0,0
4154,400000,0
4155,0,0
4156,0,0
4157,0,0
4158,107953,0
4159,0,0
4160,0,0
4162,0,0
4163,0,0
4164,0,0
4165,0,901596
4166,0,0
4167,0,0
4168,0,0
4169,0,0
4170,0,0
4171,0,0
4172,0,0
4173,0,0
4174,0,0
4175,0,0
4176,0,4825184
4177,2500000,0
4178,0,0
4179,0,0
4180,0,0
4181,0,0
4182,0,0
4183,0,0
4184,0,0
4185,0,0
4186,0,0
4187,0,0
4188,0,0
4189,0,0
4190,0,0
4191,0,0
4192,0,0
4193,0,0
4194,0,0
4195,0,0
4196,2000000,0
4197,0,0
4198,0,0
4199,0,0
4200,5000000,0
4201,0,0
4202,0,0
4203,0,0
4204,0,0
4205,0,0
4206,0,0
4207,0,0
4208,0,0
4209,250000,0
4210,0,0
4211,0,0
4212,0,0
4213,0,0
4214,0,0
4215,0,0
4216,0,0
4217,0,0
4218,0,0
4219,0,0
4220,0,0
4221,0,0
4222,0,0
4223,0,0
4224,0,0
4225,0,0
4226,0,0
4227,0,0
4228,0,0
4229,0,0
4230,0,0
4231,0,0
4232,1150000,0
4233,0,0
4234,0,0
4235,0,0
4236,750000,0
4237,0,0
4238,0,0
4239,0,0
4240,0,0
4241,300000,0
4242,0,0
4243,0,0
4244,300000,0
4245,0,0
4246,271323,0
4247,0,0
4248,0,0
4249,0,0
4250,25000,0
4251,3500000,0
4252,0,0
4253,0,0
4254,0,0
4255,0,0
4256,0,0
4257,0,0
4258,0,0
4259,0,0
4260,0,0
4261,300,0
4262,0,0
4263,0,0
4264,0,0
4265,0,0
4266,0,0
4267,0,0
4268,0,0
4269,10000000,0
4270,0,0
4271,0,0
4272,0,0
4273,0,0
4275,1000000,0
4276,0,0
4277,0,0
4278,0,0
4279,0,0
4280,0,0
4281,0,0
4282,0,17000000
4283,5000000,0
4284,0,0
4285,0,0
4286,0,0
4287,0,0
4288,0,0
4289,0,0
4290,0,1558836
4291,0,0
4292,0,0
4294,0,0
4295,0,0
4296,0,0
4297,300000,0
4298,0,0
4299,0,0
4300,0,0
4301,0,0
4302,0,0
4303,0,0
4304,0,0
4305,0,0
4306,5200000,0
4307,0,0
4308,0,0
4309,0,0
4310,0,0
4311,500000,0
4312,0,0
4313,0,0
4314,0,0
4315,0,407871
4316,0,0
4317,0,1553826
4318,0,0
4319,0,0
4320,0,0
4321,0,0
4322,0,0
4323,0,0
4324,0,0
4325,0,0
4326,0,0
4327,0,0
4328,0,0
4329,0,0
4330,0,0
4331,0,0
4332,0,0
4335,0,0
4336,0,0
4337,0,0
4338,0,0
4339,0,0
4340,0,0
4341,0,0
4342,0,0
4343,0,0
4344,0,0
4345,0,0
4346,0,0
4347,0,0
4348,0,0
4349,0,0
4350,0,11294
4351,0,0
4352,0,0
4353,0,0
4354,0,0
4355,0,0
4356,0,0
4357,0,0
4358,0,0
4359,10000000,0
4360,0,0
4361,0,0
4362,0,4029
4364,0,0
4365,0,0
4366,0,0
4368,0,0
4369,12500000,0
4370,0,0
4371,0,0
4372,0,0
4373,0,0
4374,0,0
4376,250000,0
4377,0,1359257
4378,0,0
4379,0,0
4380,40000,0
4381,100000,0
4382,0,0
4383,0,0
4384,0,0
4385,0,0
4386,0,0
4387,0,0
4388,0,0
4389,0,0
4390,0,0
4391,2,0
4392,0,0
4393,3500000,0
4394,0,0
4395,3300000,0
4396,0,12000
4397,0,0
4398,0,0
4399,0,0
4401,0,0
4402,0,0
4403,0,0
4404,0,0
4405,0,0
4406,0,0
4407,0,330048
4408,0,0
4409,0,0
4410,0,0
4411,0,0
4412,0,0
4413,0,0
4414,0,0
4415,0,16215856
4416,0,0
4417,8000000,0
4418,0,0
4420,0,0
4421,0,0
4422,0,0
4423,0,0
4424,0,0
4425,0,0
4426,0,0
4427,15000000,0
4428,300000,0
4429,0,0
4430,0,0
4431,200000,0
4432,200,0
4433,0,0
4434,0,3184472
4435,0,0
4436,2000000,0
4437,0,0
4439,0,0
4440,0,0
4441,0,0
4442,0,0
4443,0,694600
4444,0,0
4445,0,0
4446,0,0
4447,0,309973
4448,0,0
4449,0,0
4450,2000000,0
4451,0,81000
4452,0,0
4453,0,0
4454,0,0
4455,0,0
4456,0,0
4457,2902660,0
4458,0,0
4459,0,0
4460,0,0
4461,0,0
4462,1000000,0
4463,0,0
4464,0,0
4465,0,0
4466,0,0
4467,1000,0
4468,0,0
4469,0,0
4470,0,0
4471,0,0
4472,0,0
4473,0,0
4474,0,0
4475,0,0
4476,5000000,0
4477,0,32000000
4478,3300000,0
4479,3000000,0
4480,0,0
4481,0,0
4482,0,0
4484,0,0
4485,0,0
4486,0,0
4487,0,0
4489,0,0
4490,2500000,0
4491,0,0
4492,0,0
4493,0,0
4494,0,0
4495,200000,0
4496,0,0
4497,4000,0
4498,0,0
4499,0,0
4500,0,0
4502,0,0
4503,0,0
4504,0,0
4505,0,0
4506,0,0
4507,2400000,0
4508,0,0
4509,0,36586
4510,0,0
4511,0,0
4512,16000000,0
4513,0,0
4514,0,0
4515,0,0
4516,0,0
4517,0,0
4518,0,0
4520,0,0
4521,0,0
4522,0,0
4524,0,0
4525,0,0
4526,0,0
4527,0,0
4528,0,0
4529,0,0
4530,0,0
4531,30000,0
4532,0,33621
4533,0,0
4534,0,0
4535,0,0
4536,0,5297232
4537,0,0
4538,0,0
4539,4000000,0
4540,0,0
4541,0,0
4542,6000000,0
4543,0,0
4544,0,0
4545,0,9961838
4546,0,0
4547,0,0
4548,0,0
4549,2000000,0
4550,0,0
4551,0,0
4552,0,0
4553,0,0
4554,0,0
4555,0,0
4556,0,0
4557,0,0
4558,0,2129889
4559,0,0
4560,0,0
4561,0,0
4562,0,0
4563,0,0
4564,0,0
4565,0,0
4566,0,0
4567,0,0
4568,0,0
4569,0,0
4570,6000000,0
4571,20000000,0
4572,0,0
4573,0,0
4574,0,0
4575,0,0
4576,0,0
4577,0,0
4578,0,0
4579,284058,0
4580,1000000,0
4581,0,0
4582,0,0
4583,0,0
4584,120000,0
4585,0,0
4586,0,0
4587,0,0
4588,9229904,0
4589,0,0
4590,0,0
4591,0,0
4592,0,0
4593,0,0
4594,0,0
4595,0,0
4596,0,0
4597,50000,0
4598,0,0
4599,0,0
4600,0,0
4601,0,7034007
4602,0,0
4603,0,4534
4604,0,0
4605,0,0
4606,0,0
4607,9900000,0
4608,0,0
4609,0,0
4610,0,0
4611,0,0
4612,0,0
4614,0,0
4615,0,0
4616,0,0
4617,0,0
4618,0,0
4619,0,0
4620,0,0
4621,0,2107925
4622,0,0
4623,0,3554533
4624,0,0
4625,0,0
4626,0,0
4627,0,0
4628,0,0
4629,0,0
4630,0,0
4631,0,0
4632,3500000,0
4633,17000000,0
4634,0,21291
4635,11000000,0
4636,0,0
4637,0,0
4638,0,0
4639,0,0
4640,0,0
4641,0,0
4642,0,0
4643,0,0
4644,0,11720
4645,0,0
4647,6000000,0
4649,0,0
4650,0,0
4651,0,0
4654,0,0
4657,0,0
4658,0,0
4659,0,0
4660,0,0
4661,0,0
4662,0,0
4663,22000000,0
4664,0,0
4665,0,0
4666,0,0
4667,0,0
4668,0,13131714
4669,0,5799606
4670,0,0
4671,0,0
4672,0,0
4673,0,0
4674,0,0
4675,0,0
4676,0,0
4677,0,0
4678,0,0
4679,0,0
4680,0,0
4681,0,0
4682,0,0
4683,0,0
4684,1000000,0
4685,3500000,0
4686,0,0
4687,0,0
4688,0,0
4689,0,332356
4690,0,0
4691,0,0
4692,0,0
4694,0,0
4695,0,0
4696,0,892000
4697,0,0
4698,0,0
4699,0,0
4701,0,0
4702,0,0
4704,0,0
4705,0,0
4706,0,0
4707,0,0
4709,0,0
4710,5000,0
4711,0,0
4712,0,0
4713,0,10967
4715,0,0
4716,0,0
4717,1000000,0
4718,50000000,0
4719,0,0
4720,0,0
4721,0,0
4722,0,0
4723,0,0
4724,0,0
4725,0,0
4726,0,0
4727,0,0
4729,0,0
4730,0,0
4731,0,0
4732,0,0
4733,0,0
4734,0,0
4735,0,0
4736,0,0
4737,0,0
4738,0,0
4739,0,0
4740,0,0
4741,0,0
4742,1000000,0
4743,0,0
4744,0,0
4745,0,0
4746,0,0
4747,3400000,0
4748,0,0
4749,15000000,0
4750,0,0
4751,100,0
4752,0,0
4753,0,0
4754,0,0
4755,6500000,0
4757,0,0
4758,2500000,0
4759,0,0
4760,0,0
4761,0,0
4762,0,0
4763,0,0
4764,1754000,0
4765,0,0
4766,0,0
4767,0,0
4768,0,0
4769,0,0
4771,0,148671
4772,0,0
4773,0,0
4774,0,0
4775,0,0
4776,0,0
4777,0,0
4778,0,0
4779,0,251017
4780,0,0
4781,0,0
4782,3500000,0
4783,0,0
4784,0,0
4785,0,345872
4786,0,0
4787,0,0
4788,0,0
4789,0,0
4791,0,0
4792,0,0
4793,1255000,0
4794,0,0
4795,0,0
4796,0,0
4797,0,0
4798,800000,0
4799,0,0
4800,10000000,0
4801,0,0
4802,0,0
4803,0,0
4804,0,0
4805,0,0
4806,0,0
4807,0,0
4808,0,0
4809,0,0
4810,2489400,0
4811,0,0
4812,0,0
4813,0,0
4814,0,0
4815,0,0
4816,0,0
4817,0,0
4819,0,0
4820,0,0
4821,0,0
4823,0,0
4824,0,0
4825,0,0
4826,0,0
4827,0,0
4828,0,0
4829,0,0
4830,0,7863913
4831,0,0
4833,0,0
4834,0,0
4835,0,0
4837,0,0
4838,0,0
4839,0,0
4840,0,0
4841,0,0
4842,0,0
4843,0,0
4844,0,0
4845,0,0
4846,0,0
4847,0,0
4848,0,0
4849,0,0
4850,0,0
4851,0,0
4852,0,0
4853,0,0
4854,0,0
4855,2,0
4856,500,0
4857,110,0
4858,0,0
4859,0,0
4861,0,0
4862,0,0
4863,0,0
4864,0,0
4865,350000,0
4866,0,0
4867,0,0
4868,4000000,0
4870,100000,0
4871,0,0
4872,0,0
4873,0,0
4874,0,0
4875,0,0
4876,0,0
4877,0,3967001
4878,0,0
4879,0,0
4880,2500000,0
4881,0,0
4882,0,0
4883,0,0
4884,0,0
4885,0,0
4886,1800000,0
4887,0,0
4888,0,0
4889,0,0
4890,0,0
4891,0,115791
4892,0,0
4893,0,0
4894,0,0
4895,0,0
4896,0,0
4897,0,0
4898,1000000,0
4899,0,0
4900,0,0
4901,0,0
4902,0,0
4903,2000000,0
4904,0,0
4905,0,0
4906,0,0
4909,2300000,0
4910,0,0
4911,0,0
4912,0,0
4913,0,0
4914,0,0
4915,0,0
4917,0,0
4918,0,0
4919,0,0
4920,0,0
4921,0,0
4922,0,0
4923,0,0
4924,0,0
4925,0,0
4926,0,0
4927,0,0
4928,1500000,0
4929,0,0
4930,0,0
4931,0,0
4932,0,0
4933,0,186119
4934,0,0
4935,46921,0
4936,0,0
4937,0,0
4938,0,0
4939,0,0
4940,0,0
4941,0,0
4942,0,0
4943,0,0
4944,0,0
4945,0,0
4946,0,0
4947,0,0
4948,0,0
4949,0,0
4950,0,0
4951,1000000,0
4952,0,0
4953,0,0
4954,3900000,0
4955,0,0
4956,0,0
4957,0,0
4958,0,0
4959,0,0
4960,20000000,0
4961,2665000,0
4962,0,0
4963,1000000,0
4964,0,0
4966,78000,0
4968,0,0
4969,0,0
4970,0,0
4971,0,0
4972,0,0
4973,0,0
4974,0,0
4975,0,0
4976,0,222000
4977,2,0
4978,0,0
4979,0,0
4981,0,0
4982,0,0
4983,0,0
4984,0,0
4985,5000000,388
4986,0,0
4987,500,0
4988,0,467363
4989,0,0
4990,0,0
4991,0,0
4992,0,1775316
4993,0,0
4994,0,0
4995,0,0
4996,0,0
4997,0,0
4998,0,0
4999,0,0
5000,0,0
5001,0,0
5002,0,0
5003,0,0
5004,0,0
5005,0,0
5006,0,0
5007,0,0
5008,0,0
5009,0,0
5010,0,0
5011,0,0
5012,0,0
5013,0,0
5014,300000,0
5015,0,0
5016,0,0
5017,0,0
5018,0,0
5019,0,0
5020,0,0
5021,0,0
5023,0,0
5024,0,0
5025,0,0
5026,0,0
5027,0,0
5028,0,0
5029,0,0
5030,0,0
5031,0,0
5032,0,0
5034,3000000,0
5035,0,0
5036,0,0
5037,0,0
5038,0,0
5039,0,0
5040,0,0
5041,0,0
5042,0,0
5043,0,0
5044,0,0
5045,0,0
5046,0,0
5047,0,0
5048,0,0
5049,0,0
5050,0,0
5051,0,0
5052,0,0
5053,0,2592808
5054,0,0
5055,0,0
5056,100000,0
5057,0,0
5058,0,0
5059,0,0
5060,5000,0
5061,0,0
5062,0,0
5063,200,0
5064,0,0
5065,0,0
5066,0,0
5067,0,0
5068,0,0
5069,0,0
5070,0,0
5071,500000,0
5072,0,0
5073,0,0
5074,0,0
5075,0,0
5076,0,0
5077,0,0
5078,4000000,0
5079,200,0
5080,0,0
5081,0,0
5082,0,0
5083,0,0
5084,0,0
5085,764700,0
5086,0,0
5087,0,0
5088,0,0
5089,0,0
5090,0,0
5091,0,0
5092,0,0
5093,0,0
5094,0,0
5095,0,0
5096,0,0
5097,0,0
5098,3000000,0
5099,0,0
5100,1300000,0
5101,500000,0
5102,0,0
5103,0,0
5104,0,0
5105,0,0
5106,0,0
5107,0,0
5108,0,0
5109,0,0
5110,0,0
5112,0,0
5113,0,0
5114,0,0
5115,0,0
5116,0,0
5118,0,0
5119,0,0
5120,0,0
5121,0,0
5122,0,0
5123,300000,0
5124,0,0
5125,0,0
5126,0,0
5127,0,0
5128,0,0
5129,0,0
5130,0,0
5131,0,0
5132,0,0
5133,0,0
5134,0,0
5135,100000,0
5136,0,0
5137,0,0
5138,0,0
5139,0,0
5140,0,0
5141,0,0
5142,0,0
5143,0,0
5144,0,0
5145,0,0
5146,0,0
5147,0,0
5148,0,0
5149,0,0
5150,0,0
5151,35,0
5152,0,0
5153,0,43880
5154,0,0
5155,0,0
5156,0,0
5157,0,0
5158,0,0
5159,0,0
5160,0,0
5161,0,0
5162,0,0
5163,550,0
5164,0,0
5165,0,0
5166,0,0
5167,0,0
5169,0,0
5170,0,0
5171,704460,0
5172,0,0
5173,0,0
5174,0,0
5176,0,0
5177,0,0
5178,0,0
5179,0,0
5180,0,0
5181,0,0
5182,0,0
5183,500,0
5184,0,0
5185,0,0
5187,0,0
5188,0,0
5189,10000000,0
5190,6,0
5191,0,0
5192,0,0
5193,10000,0
5194,0,0
5195,0,0
5196,0,0
5197,300000,0
5198,0,0
5199,0,0
5200,0,0
5201,4400000,0
5203,325,0
5204,0,0
5205,0,0
5206,0,0
5207,0,0
5208,0,0
5209,15000000,5290
5210,0,0
5211,0,0
5212,0,0
5213,200000,0
5214,0,0
5215,0,0
5216,0,0
5217,0,0
5218,0,0
5219,0,0
5220,0,0
5221,0,0
5222,0,0
5223,0,0
5224,0,0
5225,0,0
5226,0,0
5227,0,0
5228,75000,0
5229,0,0
5230,0,0
5231,0,0
5232,0,0
5233,0,0
5234,0,0
5235,0,0
5236,0,0
5237,0,0
5238,0,0
5239,0,0
5240,0,0
5241,0,0
5242,0,0
5243,0,0
5244,0,0
5245,0,0
5247,0,0
5248,0,0
5249,0,0
5250,0,0
5251,0,0
5252,0,0
5253,0,0
5254,0,0
5255,0,0
5256,0,0
5257,0,0
5259,0,0
5260,0,0
5261,0,0
5262,0,0
5263,0,0
5264,0,0
5265,0,0
5266,0,0
5267,0,4100000
5268,3500000,0
5269,0,0
5270,0,0
5271,0,0
5272,0,0
5273,0,0
5274,0,0
5275,0,0
5276,0,0
5277,0,0
5278,0,0
5279,0,0
5280,0,0
5281,0,0
5282,0,0
5283,0,0
5284,0,0
5285,0,0
5286,0,0
5287,0,0
5288,0,0
5289,0,0
5290,100,0
5291,500000,0
5292,0,0
5293,0,0
5294,0,0
5295,0,0
5296,0,0
5297,150000,0
5298,5,0
5299,0,0
5300,0,3933000
5301,0,0
5302,0,0
5303,0,0
5304,0,0
5305,0,0
5306,3200,0
5307,0,0
5308,0,0
5309,0,0
5310,0,0
5311,0,0
5312,0,0
5313,0,0
5314,0,0
5315,0,0
5316,0,0
5317,0,0
5318,0,0
5319,0,0
5320,0,0
5321,0,0
5322,0,0
5323,0,0
5324,0,0
5325,0,0
5326,0,0
5327,0,0
5328,0,0
5329,500,0
5330,1000000,0
5331,0,0
5332,0,0
5333,0,0
5334,0,0
5335,0,0
5336,0,0
5337,0,0
5338,0,0
5339,0,0
5340,0,0
5341,0,0
5342,0,0
5343,0,0
5344,0,0
5345,0,0
5346,0,0
5347,1000000,0
5348,0,0
5350,90000,0
5351,0,0
5352,125000,0
5353,0,0
5354,0,0
5355,0,0
5356,0,0
5357,0,0
5358,0,0
5359,0,0
5360,0,0
5361,0,0
5362,0,0
5363,0,0
5364,2500000,0
5365,0,0
5366,0,0
5367,0,0
5368,0,0
5369,1500000,0
5370,0,0
5371,0,0
5372,0,0
5373,0,0
5374,0,0
5375,0,0
5376,0,0
5377,0,0
5378,0,0
5379,0,0
5380,0,0
5381,0,0
5382,0,0
5383,0,0
5384,0,0
5385,0,0
5386,0,0
5387,0,0
5388,0,0
5389,15000,0
5390,0,0
5391,0,0
5392,0,0
5393,0,0
5394,0,0
5395,0,0
5396,0,0
5397,0,0
5398,0,0
5399,0,0
5400,0,0
5401,0,0
5402,0,0
5403,0,0
5405,0,0
5406,0,0
5407,0,0
5408,4,0
5409,0,0
5410,0,1553168
5411,0,0
5412,0,0
5413,0,0
5414,0,0
5415,0,0
5416,750,0
5417,0,404
5418,0,0
5419,0,0
5420,0,0
5421,0,0
5422,0,0
5423,0,0
5424,0,0
5425,0,0
5426,0,0
5427,0,0
5428,0,0
5429,0,0
5430,0,0
5431,0,0
5432,1000000,0
5433,0,0
5434,0,0
5435,0,0
5436,1275000,0
5437,0,0
5438,0,0
5439,0,0
5440,0,0
5441,0,0
5442,0,0
5443,0,0
5444,0,0
5445,0,0
5446,0,0
5447,0,0
5448,0,0
5449,0,0
5450,0,0
5451,0,0
5452,0,0
5453,0,0
5454,0,0
5455,0,0
5456,0,0
5457,0,0
5458,0,0
5459,0,0
5460,0,0
5461,0,0
5462,0,0
5463,1000,0
5464,0,0
5465,0,0
5466,7800000,0
5467,0,0
5468,0,0
5469,0,0
5470,0,0
5471,0,0
5472,0,0
5473,0,0
5474,0,0
5475,0,0
5476,0,0
5477,0,0
5478,0,0
5479,0,0
5480,0,0
5481,0,0
5482,0,0
5483,0,0
5484,0,0
5485,0,0
5486,0,0
5487,0,0
5488,0,0
5489,0,0
5490,800000,0
5491,0,0
5492,1,0
5493,2000000,0
5494,0,0
5495,0,0
5496,0,0
5497,0,0
5498,0,0
5499,0,0
5500,0,0
5501,0,0
5502,0,0
5503,0,0
5504,0,0
5505,0,0
5506,0,0
5507,0,0
5508,0,0
5509,0,0
5510,0,0
5511,0,0
5512,0,0
5513,0,0
5514,0,0
5515,0,0
5516,0,0
5517,0,0
5519,0,0
5520,0,0
5521,25000,0
5522,115000,0
5523,0,0
5524,0,0
5525,0,0
5527,0,0
5528,0,0
5529,0,0
5530,0,101186
5531,0,0
5532,0,0
5533,0,0
5534,0,0
5535,0,0
5537,0,0
5538,0,0
5539,0,0
5540,0,0
5541,0,0
5542,0,0
5543,0,0
5544,0,0
5545,0,0
5546,0,0
5547,413,0
5548,0,0
5549,700,0
5550,0,0
5551,0,0
5552,0,0
5553,0,0
5554,0,0
5555,0,0
5556,0,0
5557,0,0
5558,500,0
5559,0,0
5560,0,0
5561,0,0
5562,0,0
5563,0,0
5564,0,0
5565,0,0
5566,0,0
5567,0,0
5568,0,0
5569,0,0
5570,0,0
5571,0,0
5572,0,0
5573,0,0
5574,0,0
5575,2000000,0
5576,0,0
5577,0,0
5578,2620000,0
5579,0,0
5580,0,0
5581,150000,0
5582,0,0
5583,0,0
5584,3200,0
5585,0,0
5586,0,0
5587,0,0
5588,0,0
5589,0,0
5590,0,0
5591,0,0
5592,0,0
5593,0,0
5594,0,0
5595,0,0
5596,10000,0
5597,0,0
5598,0,0
5599,0,50
5600,0,0
5601,0,0
5602,0,0
5603,50,0
5604,200,0
5605,0,0
5606,1000,0
5607,0,0
5608,0,0
5609,0,0
5610,0,0
5611,0,0
5612,0,0
5613,0,0
5614,0,0
5615,0,0
5616,0,0
5617,0,0
5618,0,0
5619,0,0
5620,0,0
5622,0,0
5623,50000,0
5624,0,0
5625,0,0
5626,0,0
5627,0,0
5628,0,0
5629,0,0
5630,0,0
5631,0,0
5632,0,0
5633,0,0
5634,0,0
5635,0,0
5636,0,0
5637,0,0
5638,0,0
5639,0,0
5640,212,69
5641,0,0
5642,0,0
5643,0,0
5644,0,0
5645,0,0
5646,0,0
5647,0,0
5648,0,0
5649,0,0
5650,250000,0
5651,0,0
5652,0,0
5653,0,0
5654,0,0
5656,0,0
5657,0,0
5658,0,0
5659,0,0
5660,0,0
5661,0,0
5662,0,0
5664,0,111232
5665,0,0
5667,0,0
5668,0,0
5669,0,0
5670,0,0
5671,0,0
5672,0,0
5673,0,0
5674,0,0
5675,0,0
5676,0,0
5677,0,0
5679,0,0
5680,0,0
5681,120000,0
5682,0,0
5683,0,0
5684,0,0
5685,0,0
5686,0,0
5687,0,0
5688,0,0
5689,0,0
5690,0,0
5691,0,0
5692,0,0
5693,0,0
5694,0,0
5695,0,0
5696,0,0
5697,0,0
5698,0,0
5699,0,0
5700,0,0
5702,0,0
5703,0,0
5704,500000,0
5705,0,0
5706,0,0
5707,0,0
5708,0,0
5709,1000,0
5710,20000,0
5711,250,0
5712,0,0
5713,1100000,0
5714,0,0
5715,0,0
5716,0,0
5717,0,0
5719,0,0
5721,0,0
5722,0,0
5723,0,0
5724,0,0
5725,0,0
5726,0,0
5727,0,0
5728,0,0
5729,0,0
5730,0,0
5731,0,0
5732,0,0
5733,0,0
5734,10,60
5735,0,0
5736,0,0
5737,0,0
5738,0,0
5739,0,0
5740,0,0
5741,0,0
5742,0,0
5743,0,0
5744,0,0
5745,0,0
5746,0,0
5747,0,0
5748,0,0
5749,0,0
5750,0,0
5751,0,0
5752,1000000,0
5753,150000,0
5754,0,0
5755,0,0
5756,0,0
5757,20000,0
5758,0,0
5759,0,0
5760,0,0
5761,0,0
5762,0,0
5763,0,0
5764,0,0
5765,0,0
5766,0,0
5767,0,0
5768,0,0
5769,0,0
5770,0,0
5771,0,0
5772,0,0
5773,500,0
5774,0,0
5775,240,0
5776,0,0
5778,0,0
5779,0,0
5780,0,0
5781,60000,0
5782,0,0
5783,0,0
5784,0,0
5785,0,0
5786,0,0
5787,0,0
5788,0,0
5789,0,0
5790,0,0
5791,0,0
5792,0,0
5793,0,0
5794,0,0
5795,0,0
5796,0,0
5797,10000,0
5798,0,0
5799,0,0
5800,0,0
5801,0,0
5802,4000000,0
5803,0,0
5804,0,0
5805,0,0
5806,0,0
5807,0,0
5808,0,0
5809,0,0
5810,0,0
5811,0,0
5812,0,0
5813,0,0
5814,0,0
5815,0,0
5816,0,0
5817,0,0
5818,0,0
5819,0,1695006
5820,0,0
5821,0,0
5822,0,0
5823,0,0
5824,0,0
5825,0,0
5826,0,0
5827,0,0
5828,0,0
5829,0,0
5830,0,0
5831,0,0
5832,0,0
5833,0,0
5834,1000,0
5835,0,0
5836,15000,0
5837,0,0
5838,0,0
5839,175000,0
5840,0,0
5841,0,0
5842,0,0
5843,0,0
5844,0,0
5845,0,0
5847,0,0
5848,0,0
5849,22000,0
5850,500,0
5851,0,0
5852,3780000,0
5853,0,0
5854,0,0
5855,0,0
5856,0,0
5857,0,63310
5858,25000,0
5859,80000,0
5860,0,0
5861,250,0
5862,0,0
5863,0,0
5865,0,0
5866,0,0
5867,2000,0
5868,0,0
5869,0,0
5870,0,0
5871,1400000,0
5872,0,0
5873,0,0
5874,4000000,0
5875,0,0
5876,0,0
5877,6790,0
5878,485000,0
5879,0,0
5880,100,500
5881,30000,0
5882,33,0
5883,0,0
5884,0,0
5885,0,0
5886,0,0
5887,0,0
5888,0,0
5889,0,0
5890,1,99000000
5891,0,0
5892,0,0
5893,0,0
5894,0,0
5895,0,0
5896,0,0
5897,0,0
5898,500,0
5899,0,0
5900,0,0
5901,1,0
5902,0,0
5903,4500000,0
5904,0,0
5905,0,0
5906,0,0
5907,0,0
5908,0,0
5909,0,0
5910,0,0
5911,0,0
5912,0,0
5913,0,0
5914,400000,0
5915,0,0
5916,0,0
5917,0,0
5918,0,0
5919,0,0
5920,0,0
5921,0,0
5922,0,0
5923,0,0
5924,150000,0
5925,0,0
5926,0,0
5927,0,0
5928,0,0
5929,0,0
5930,0,0
5931,0,0
5932,0,0
5933,0,0
5934,100,10
5935,0,0
5936,0,0
5937,0,0
5938,0,0
5939,0,0
5940,0,0
5941,0,0
5942,0,0
5943,0,0
5944,0,0
5945,0,0
5946,0,0
5947,10,0
5948,10,0
5949,0,0
5950,0,0
5951,0,0
5952,0,0
5953,0,0
5954,0,0
5955,0,0
5956,0,0
5957,0,0
5958,12,0
5959,0,0
5960,0,0
5961,0,0
5962,0,0
5963,0,0
5964,0,0
5965,0,0
5966,0,0
5967,0,0
5968,0,0
5969,0,0
5970,0,0
5971,0,0
5972,0,0
5973,0,0
5974,0,0
5975,0,0
5976,0,0
5977,0,0
5978,0,0
5979,0,0
5980,0,0
5981,0,0
5982,0,0
5983,15000,0
5984,0,0
5985,0,0
5986,0,0
5987,0,0
5988,0,0
5989,0,0
5990,0,0
5991,0,0
5992,0,0
5993,0,0
5994,0,0
5995,25,0
5996,0,0
5997,0,0
5998,100,1
5999,0,0
6000,0,0
6001,0,0
6002,0,0
6003,0,0
6004,0,0
6005,0,0
6006,0,0
6007,3000000,0
6009,0,0
6010,0,0
6011,0,0
6012,0,0
6013,10000,10
6014,0,0
6015,0,0
6016,0,0
6018,0,0
6019,0,0
6020,0,0
6021,0,0
6022,0,0
6023,0,0
6024,0,0
6025,0,0
6026,0,0
6027,0,0
6028,0,0
6029,38000,0
6030,0,0
6031,0,0
6032,0,0
6033,0,0
6034,0,0
6035,0,0
6036,0,0
6037,750000,0
6038,0,0
6039,0,0
6040,0,0
6041,0,0
6042,0,0
6043,0,0
6044,0,0
6045,0,0
6046,0,0
6047,0,0
6048,0,0
6049,0,0
6050,0,0
6051,0,0
6052,0,0
6053,30000,0
6054,0,0
6055,0,0
6056,20,0
6057,0,0
6058,0,0
6059,0,0
6060,0,0
6061,0,0
6062,0,0
6063,0,0
6064,0,0
6065,4432,55647
6066,0,0
6067,45,0
6068,0,0
6069,0,0
6070,0,0
6071,0,0
6072,0,0
6073,0,0
6074,0,0
6075,0,0
6076,0,0
6077,0,0
6078,0,0
6079,0,0
6080,0,0
6081,0,0
6082,0,0
6083,4500,0
6084,0,0
6085,0,0
6086,450,0
6087,0,0
6088,12000,0
6089,0,0
6090,0,0
6091,0,0
6092,0,0
6093,0,0
6094,0,0
6095,0,0
6096,0,0
6097,0,0
6098,0,0
6099,0,0
6100,0,0
6101,0,0
6102,0,0
6103,0,0
6104,0,0
6105,0,0
6106,0,0
6107,0,0
6108,0,0
6109,4000,0
6110,0,0
6111,0,0
6112,0,0
6113,0,0
6114,2000,0
6115,0,0
6116,0,0
6117,1000000,0
6118,0,0
6119,84003,0
6120,0,0
6121,6,0
6122,0,0
6123,0,0
6124,0,0
6125,0,0
6126,0,0
6127,0,0
6128,0,0
6129,0,0
6130,0,0
6131,0,0
6132,0,0
6133,0,0
6134,0,0
6135,0,0
6136,0,0
6137,0,0
6138,0,0
6139,1000,40
6140,0,0
6141,1500000,0
6142,0,0
6143,0,0
6144,0,0
6145,0,0
6146,15000,0
6147,0,0
6148,0,0
6149,0,0
6150,0,0
6151,0,0
6152,0,0
6153,0,0
6154,0,0
6155,0,0
6156,0,0
6157,0,0
6158,10000,0
6159,0,0
6160,0,0
6161,2500,5000
6162,0,0
6163,0,0
6164,0,0
6165,0,0
6166,0,0
6167,0,0
6168,0,0
6169,8639,0
6170,0,0
6171,0,0
6172,0,0
6173,16,0
6174,0,0
6175,3,0
6176,0,0
6177,0,0
6179,0,0
6180,2100000,3330
6181,0,0
6182,0,0
6183,3000,0
6184,0,0
6185,0,0
6186,0,0
6187,500000,0
6188,0,0
6189,0,0
6190,0,0
6191,1000000,0
6192,0,0
6193,0,0
6194,0,0
6195,0,0
6196,60000,0
6197,0,0
6198,0,0
6199,0,0
6200,0,0
6201,0,0
6202,0,0
6203,77000,0
6204,0,0
6205,0,0
6206,100,0
6207,0,0
6208,0,0
6209,0,0
6210,0,0
6211,0,0
6212,0,0
6213,0,0
6214,0,0
6215,0,0
6216,0,0
6217,0,0
6218,0,0
6219,0,0
6220,0,0
6221,0,0
6222,0,0
6223,0,0
6224,0,0
6225,0,0
6226,0,0
6227,0,0
6228,0,0
6229,0,0
6230,0,0
6231,0,0
6232,0,0
6233,0,0
6234,0,0
6235,0,0
6236,0,0
6237,0,0
6238,0,0
6239,0,0
6240,0,0
6241,0,0
6242,0,0
6243,0,0
6244,0,0
6245,0,0
6246,0,0
6247,0,0
6248,812100,0
6249,0,0
6250,0,0
6251,0,0
6252,0,0
6253,0,0
6254,0,0
6255,0,0
6256,0,0
6257,0,0
6258,0,0
6259,0,0
6260,0,0
6261,0,0
6262,0,100
6263,0,0
6264,2500,0
6265,0,0
6266,0,0
6267,0,0
6268,2150,0
6269,0,0
6270,0,0
6271,0,0
6272,0,0
6273,0,0
6274,0,0
6275,0,0
6276,0,0
6277,0,0
6278,0,0
6279,0,0
6280,0,0
6281,0,0
6282,0,0
6283,0,0
6284,0,0
6285,5,0
6286,0,0
6287,0,0
6288,47864,0
6289,0,0
6290,0,0
6291,0,0
6292,0,0
6293,0,0
6294,0,0
6295,0,0
6296,0,0
6297,0,0
6298,0,0
6299,0,0
6300,10,0
6301,0,0
6302,0,0
6303,0,0
6304,0,0
6305,0,0
6306,0,0
6307,0,0
6308,0,0
6309,0,0
6310,0,0
6311,0,0
6312,0,0
6313,0,0
6314,0,0
6315,0,0
6316,21,0
6317,0,0
6318,0,0
6319,0,0
6320,0,0
6321,0,0
6322,0,0
6323,0,0
6324,0,0
6325,0,0
6326,0,0
6327,0,0
6328,0,0
6329,0,0
6330,20,0
6331,0,0
6332,0,0
6333,0,0
6334,0,0
6335,0,0
6336,0,0
6337,0,0
6338,0,0
6339,0,0
6340,0,0
6341,0,0
6342,0,0
6343,0,0
6344,0,0
6345,0,0
6346,1000,0
6347,0,0
6348,0,0
6349,0,0
6350,0,0
6351,0,4878242
6353,0,0
6354,0,0
6355,0,0
6356,0,0
6357,0,0
6358,0,0
6359,0,0
6360,0,0
6361,0,0
6362,0,0
6363,0,0
6364,0,0
6365,0,0
6366,0,0
6367,0,0
6368,0,0
6369,0,0
6370,0,0
6371,0,0
6372,0,0
6373,0,0
6374,0,0
6375,0,0
6376,0,0
6377,0,0
6378,0,0
6379,0,0
6380,0,0
6381,0,0
6382,0,0
6383,0,0
6384,0,0
6385,0,0
6386,0,0
6387,0,0
6388,0,0
6389,10000000,0
6390,0,0
6391,10000,0
6392,0,0
6393,3200000,0
6394,0,0
6395,30000,0
6396,0,0
6397,0,0
6398,0,0
6399,0,0
6400,0,0
6401,0,0
6402,0,0
6403,0,0
6404,0,0
6405,0,0
6406,0,0
6407,0,0
6408,0,0
6409,0,0
6410,0,0
6411,0,0
6412,0,0
6413,0,0
6414,0,0
6415,0,0
6416,0,0
6417,0,0
6418,0,0
6419,0,0
6420,0,0
6421,0,0
6422,0,0
6423,0,0
6424,0,0
6425,0,0
6426,0,0
6427,0,0
6428,0,0
6429,0,0
6430,0,0
6431,0,0
6432,0,0
6433,0,0
6434,0,0
6435,0,0
6436,0,0
6437,0,0
6438,0,0
6439,0,1486
6440,0,0
6441,0,0
6442,0,0
6443,0,0
6444,0,0
6445,0,0
6446,0,0
6447,0,0
6448,0,0
6449,0,0
6450,0,0
6451,0,0
6452,0,0
6453,60000,0
6454,0,0
6455,0,0
6456,1000,0
6457,0,0
6458,5,0
6459,0,0
6460,1000000,0
6461,0,0
6462,0,0
6463,0,0
6464,0,0
6465,0,0
6466,0,0
6467,0,0
6468,0,0
6469,0,0
6470,0,0
6471,0,0
6472,0,0
6473,0,0
6474,0,0
6475,200,0
6476,200,0
6477,0,0
6478,0,0
6479,300,0
6480,1000,0
6481,0,0
6482,0,0
6483,0,0
6484,0,0
6485,0,0
6486,0,0
6487,0,0
6488,0,0
6489,0,0
6490,0,0
6491,200,0
6492,0,0
6493,0,0
6494,600,0
